{"cameraMode":{"drawMode":0,"name":"Shaded","section":"Shading Mode"},"sceneLighting":false,"audioPlay":false,"sceneViewState":{"showFog":true,"showMaterialUpdate":false,"showSkybox":false,"showFlares":true,"showImageEffects":true,"showParticleSystems":true},"in2DMode":false,"pivot":{"x":-0.35835468769073489,"y":-0.04729717969894409,"z":2.228715419769287},"rotation":{"x":0.11256081610918045,"y":-0.01341789960861206,"z":0.0015199939953163267,"w":0.9935531616210938},"size":4.616947650909424,"orthographic":false}