{"cameraMode":{"drawMode":0,"name":"Shaded","section":"Shading Mode"},"sceneLighting":false,"audioPlay":false,"sceneViewState":{"showFog":true,"showMaterialUpdate":false,"showSkybox":false,"showFlares":true,"showImageEffects":true,"showParticleSystems":true},"in2DMode":false,"pivot":{"x":-1.1320922374725342,"y":0.6765499114990234,"z":-0.6743939518928528},"rotation":{"x":0.16891442239284516,"y":-0.6881944537162781,"z":0.16973401606082917,"w":0.6848698854446411},"size":4.24523401260376,"orthographic":false}