{"cameraMode":{"drawMode":0,"name":"Shaded","section":"Shading Mode"},"sceneLighting":false,"audioPlay":false,"sceneViewState":{"showFog":true,"showMaterialUpdate":false,"showSkybox":false,"showFlares":true,"showImageEffects":true,"showParticleSystems":true},"in2DMode":false,"pivot":{"x":-0.6142218112945557,"y":0.9898896217346191,"z":-2.153864622116089},"rotation":{"x":0.12293678522109986,"y":-0.03126004338264465,"z":0.0038741761818528177,"w":0.9919145107269287},"size":0.33938366174697878,"orthographic":false}