{"cameraMode":{"drawMode":0,"name":"Shaded","section":"Shading Mode"},"sceneLighting":false,"audioPlay":false,"sceneViewState":{"showFog":true,"showMaterialUpdate":false,"showSkybox":false,"showFlares":true,"showImageEffects":true,"showParticleSystems":true},"in2DMode":false,"pivot":{"x":-1.2320603132247925,"y":0.5934169292449951,"z":-0.8441249132156372},"rotation":{"x":0.10448956489562988,"y":-0.8449087142944336,"z":0.1790352165699005,"w":0.49311012029647829},"size":2.8115358352661135,"orthographic":false}