{"cameraMode":{"drawMode":0,"name":"Shaded","section":"Shading Mode"},"sceneLighting":false,"audioPlay":false,"sceneViewState":{"showFog":true,"showMaterialUpdate":false,"showSkybox":false,"showFlares":true,"showImageEffects":true,"showParticleSystems":true},"in2DMode":false,"pivot":{"x":3.5647635459899904,"y":1.1915571689605713,"z":-0.24353444576263429},"rotation":{"x":-0.07100963592529297,"y":0.749560534954071,"z":-0.08150353282690048,"w":-0.6530497074127197},"size":2.1393837928771974,"orthographic":false}