{"cameraMode":{"drawMode":0,"name":"Shaded","section":"Shading Mode"},"sceneLighting":false,"audioPlay":false,"sceneViewState":{"showFog":true,"showMaterialUpdate":false,"showSkybox":false,"showFlares":true,"showImageEffects":true,"showParticleSystems":true},"in2DMode":false,"pivot":{"x":0.05994509160518646,"y":1.0311253070831299,"z":-2.0042762756347658},"rotation":{"x":-0.0026924493722617628,"y":0.9936768412590027,"z":-0.10955782234668732,"w":-0.024418363347649576},"size":3.1678552627563478,"orthographic":false}