{"cameraMode":{"drawMode":0,"name":"Shaded","section":"Shading Mode"},"sceneLighting":false,"audioPlay":false,"sceneViewState":{"showFog":true,"showMaterialUpdate":false,"showSkybox":false,"showFlares":true,"showImageEffects":true,"showParticleSystems":true},"in2DMode":false,"pivot":{"x":0.02392703853547573,"y":-0.040842145681381229,"z":0.08926910907030106},"rotation":{"x":-0.624117374420166,"y":0.06519567966461182,"z":-0.05237806960940361,"w":-0.7768420577049255},"size":11.739490509033204,"orthographic":false}